date,1. open,2. high,3. low,4. close,5. volume,symbol
2026-04-17,266.9600,272.3000,266.7200,270.2300,61436228,AAPL
2026-04-16,266.8000,267.1600,261.2700,263.4000,43323112,AAPL
2026-04-15,258.1600,266.5600,257.8100,266.4300,49913510,AAPL
2026-04-14,259.2450,261.9300,257.1900,258.8300,48370710,AAPL
2026-04-13,259.7300,260.1800,256.6600,259.2000,36234698,AAPL
2026-04-10,259.9800,262.1900,259.0231,260.4800,31291473,AAPL
2026-04-09,259.0000,261.1200,256.0700,260.4900,28121574,AAPL
2026-04-08,258.4500,259.7499,256.5300,258.9000,41032772,AAPL
2026-04-07,256.1550,256.2000,245.7000,253.5000,62148008,AAPL
2026-04-06,256.5100,262.1600,256.4600,258.8600,29329911,AAPL
2026-04-02,254.2000,256.1300,250.6500,255.9200,31289369,AAPL
2026-04-01,254.0800,256.1800,253.3300,255.6300,40059432,AAPL
2026-03-31,247.9100,255.4800,247.1010,253.7900,49598091,AAPL
2026-03-30,250.0700,250.8700,245.5100,246.6300,39446213,AAPL
2026-03-27,253.9000,255.4930,248.0700,248.8000,47899998,AAPL
2026-03-26,252.1150,257.0000,250.7700,252.8900,41796650,AAPL
2026-03-25,254.0950,255.0000,251.6000,252.6200,28476668,AAPL
2026-03-24,250.3500,254.8250,249.5500,251.6400,45152288,AAPL
2026-03-23,253.9700,254.6000,250.2800,251.4900,40546109,AAPL
2026-03-20,247.9750,249.1999,246.0000,247.9900,88331081,AAPL
2026-03-19,249.4000,251.8300,247.3000,248.9600,34864082,AAPL
2026-03-18,252.6250,254.9400,249.0000,249.9400,35757874,AAPL
2026-03-17,252.9550,255.1300,252.1800,254.2300,32361607,AAPL
2026-03-16,252.1050,253.8850,249.8800,252.8200,32074209,AAPL
2026-03-13,255.4800,256.3300,249.5200,250.1200,36929988,AAPL
2026-03-12,258.6600,258.9500,254.1800,255.7600,40794020,AAPL
2026-03-11,261.0900,262.1300,259.5500,260.8100,26218927,AAPL
2026-03-10,257.6450,262.4800,256.9500,260.8300,30590765,AAPL
2026-03-09,255.6900,261.1500,253.6805,259.8800,38218533,AAPL
2026-03-06,258.6300,258.7700,254.3700,257.4600,41120042,AAPL
2026-03-05,260.7900,261.5550,257.2500,260.2900,49658626,AAPL
2026-03-04,264.6500,266.1500,261.4200,262.5200,39803119,AAPL
2026-03-03,263.4800,265.5600,260.1300,263.7500,38568921,AAPL
2026-03-02,262.4100,266.5300,260.2000,264.7200,41827946,AAPL
2026-02-27,272.8100,272.8100,262.8900,264.1800,72366505,AAPL
2026-02-26,274.9450,276.1100,270.7950,272.9500,32345114,AAPL
2026-02-25,271.7800,274.9400,271.0500,274.2300,33714342,AAPL
2026-02-24,267.8600,274.8900,267.7100,272.1400,47014619,AAPL
2026-02-23,263.4900,269.4300,263.3810,266.1800,37308155,AAPL
2026-02-20,258.9700,264.7500,258.1600,264.5800,42070499,AAPL
2026-02-19,262.6000,264.4800,260.0500,260.5800,30845294,AAPL
2026-02-18,263.6000,266.8200,262.4500,264.3500,34203337,AAPL
2026-02-17,258.0500,266.2900,255.5400,263.8800,58469094,AAPL
2026-02-13,262.0100,262.2300,255.4500,255.7800,56290673,AAPL
2026-02-12,275.5900,275.7200,260.1800,261.7300,81077229,AAPL
2026-02-11,274.6950,280.1800,274.4500,275.5000,51931283,AAPL
2026-02-10,274.8850,275.3700,272.9400,273.6800,34376898,AAPL
2026-02-09,277.9050,278.2000,271.7000,274.6200,44623396,AAPL
2026-02-06,277.1200,280.9050,276.9250,278.1200,50453414,AAPL
2026-02-05,278.1300,279.5000,273.2300,275.9100,52977441,AAPL
2026-02-04,272.2850,278.9500,272.2850,276.4900,90545710,AAPL
2026-02-03,269.2000,271.8750,267.6100,269.4800,63799388,AAPL
2026-02-02,260.0300,270.4900,259.2050,270.0100,73913425,AAPL
2026-01-30,255.1650,261.8999,252.1800,259.4800,92443408,AAPL
2026-01-29,258.0000,259.6500,254.4100,258.2800,67253009,AAPL
2026-01-28,257.6500,258.8550,254.5100,256.4400,41287971,AAPL
2026-01-27,259.1700,261.9500,258.2100,258.2700,48787855,AAPL
2026-01-26,251.4800,256.5600,249.8000,255.4100,55969234,AAPL
2026-01-23,247.3200,249.4100,244.6800,248.0400,41688982,AAPL
2026-01-22,249.2000,251.0000,248.1500,248.3500,39708340,AAPL
2026-01-21,248.7000,251.5600,245.1800,247.6500,54641725,AAPL
2026-01-20,252.7300,254.7900,243.4200,246.7000,77280987,AAPL
2026-01-16,257.9000,258.9000,254.9300,255.5300,72142773,AAPL
2026-01-15,260.6500,261.0400,257.0500,258.2100,39388564,AAPL
2026-01-14,259.4900,261.8200,256.7100,259.9600,40019421,AAPL
2026-01-13,258.7200,261.8100,258.3900,261.0500,45730847,AAPL
2026-01-12,259.1600,261.3000,256.8000,260.2500,45263767,AAPL
2026-01-09,259.0750,260.2100,256.2200,259.3700,39996967,AAPL
2026-01-08,257.0200,259.2900,255.7000,259.0400,50419337,AAPL
2026-01-07,263.2000,263.6800,259.8100,260.3300,48309804,AAPL
2026-01-06,267.0000,267.5500,262.1200,262.3600,52352090,AAPL
2026-01-05,270.6400,271.5100,266.1400,267.2600,45647190,AAPL
2026-01-02,272.2550,277.8400,269.0000,271.0100,37838054,AAPL
2025-12-31,273.0600,273.6800,271.7500,271.8600,27293639,AAPL
2025-12-30,272.8100,274.0800,272.2800,273.0800,22139617,AAPL
2025-12-29,272.6900,274.3600,272.3500,273.7600,23715213,AAPL
2025-12-26,274.1600,275.3700,272.8600,273.4000,21521802,AAPL
2025-12-24,272.3400,275.4300,272.1950,273.8100,17910574,AAPL
2025-12-23,270.8400,272.5000,269.5600,272.3600,29641999,AAPL
2025-12-22,272.8600,273.8800,270.5050,270.9700,36571827,AAPL
2025-12-19,272.1450,274.6000,269.9000,273.6700,144632048,AAPL
2025-12-18,273.6050,273.6300,266.9500,272.1900,51630721,AAPL
2025-12-17,275.0100,276.1600,271.6400,271.8400,50138743,AAPL
2025-12-16,272.8200,275.5000,271.7900,274.6100,37648628,AAPL
2025-12-15,280.1500,280.1500,272.8400,274.1100,50409078,AAPL
2025-12-12,277.9000,279.2200,276.8200,278.2800,39532887,AAPL
2025-12-11,279.0950,279.5900,273.8100,278.0300,33247986,AAPL
2025-12-10,277.7500,279.7500,276.4400,278.7800,33038318,AAPL
2025-12-09,278.1600,280.0300,276.9200,277.1800,31753410,AAPL
2025-12-08,278.1300,279.6693,276.1500,277.8900,36406317,AAPL
2025-12-05,280.5400,281.1400,278.0500,278.7800,47265845,AAPL
2025-12-04,284.0950,284.7300,278.5900,280.7000,43989056,AAPL
2025-12-03,286.2000,288.6200,283.3000,284.1500,43538687,AAPL
2025-12-02,283.0000,287.4000,282.6301,286.1900,53669532,AAPL
2025-12-01,278.0100,283.4200,276.1400,283.1000,46587722,AAPL
2025-11-28,277.2600,279.0000,275.9865,278.8500,20135620,AAPL
2025-11-26,276.9600,279.5300,276.6300,277.5500,33431423,AAPL
2025-11-25,275.2700,280.3800,275.2500,276.9700,46914220,AAPL
2025-11-24,270.9000,277.0000,270.9000,275.9200,65585796,AAPL
2025-11-21,265.9500,273.3300,265.6700,271.4900,59030832,AAPL
2026-04-17,395.9200,409.2800,391.6500,400.6200,90640032,TSLA
2026-04-16,393.8100,394.0600,381.8000,388.9000,63515136,TSLA
2026-04-15,366.8300,394.6500,362.5000,391.9500,113810355,TSLA
2026-04-14,357.6700,367.6300,354.7700,364.2000,59979607,TSLA
2026-04-13,350.0650,356.3500,348.5700,352.4200,53617477,TSLA
2026-04-10,346.2850,350.3600,342.7400,348.9500,51336034,TSLA
2026-04-09,343.1500,348.8800,337.2500,345.6200,62164016,TSLA
2026-04-08,363.7900,364.5000,339.6700,343.2500,78838616,TSLA
2026-04-07,346.4400,348.0200,337.2400,346.6500,74515355,TSLA
2026-04-06,362.5900,367.7200,346.6400,352.8200,77697643,TSLA
2026-04-02,364.1950,370.2800,359.0300,360.5900,83031226,TSLA
2026-04-01,378.6300,383.1400,374.0800,381.2600,58683752,TSLA
2026-03-31,361.5100,373.3300,361.0000,371.7500,75534934,TSLA
2026-03-30,365.8600,367.2900,352.1400,355.2800,67954405,TSLA
2026-03-27,369.6900,369.8600,359.4700,361.8300,62065659,TSLA
2026-03-26,381.6000,384.4400,371.8700,372.1100,55522879,TSLA
2026-03-25,389.9900,396.2300,385.0100,385.9500,55157265,TSLA
2026-03-24,376.5600,387.4800,376.3100,383.0300,60004909,TSLA
2026-03-23,373.0900,385.3300,372.7300,380.8500,74606049,TSLA
2026-03-20,379.8500,379.8900,364.4601,367.9600,78628603,TSLA
2026-03-19,387.2700,387.2700,378.7300,380.3000,67078259,TSLA
2026-03-18,399.0000,403.0650,392.3100,392.7800,50853149,TSLA
2026-03-17,395.6900,400.1200,393.0000,399.2700,46890467,TSLA
2026-03-16,396.2200,403.7300,394.4200,395.5600,58068343,TSLA
2026-03-13,399.1650,400.2000,389.9500,391.2000,58504091,TSLA
2026-03-12,405.1750,406.5000,394.6500,395.0100,60973793,TSLA
2026-03-11,402.2800,416.3799,402.1500,407.8200,62559930,TSLA
2026-03-10,402.2200,406.5900,398.1900,399.2350,59258743,TSLA
2026-03-09,390.0500,401.5900,381.4000,398.6800,67018911,TSLA
2026-03-06,398.0900,402.3500,394.2100,396.7300,64054561,TSLA
2026-03-05,401.5700,408.6200,399.4200,405.5500,51925898,TSLA
2026-03-04,397.8450,408.3300,394.5800,405.9400,68305513,TSLA
2026-03-03,395.0900,396.3400,385.3900,392.4300,62617298,TSLA
2026-03-02,390.6000,404.5400,388.2500,403.3200,55088338,TSLA
2026-02-27,402.9400,407.1200,398.1100,402.5100,56890097,TSLA
2026-02-26,414.4200,416.8100,403.6600,408.5800,53602497,TSLA
2026-02-25,412.1500,420.3400,412.1500,417.4000,54809704,TSLA
2026-02-24,399.5000,410.8200,397.6400,409.3800,58579482,TSLA
2026-02-23,407.2850,407.7000,394.0400,399.8300,69680026,TSLA
2026-02-20,408.3000,414.7000,405.5000,411.8200,57912225,TSLA
2026-02-19,407.2500,415.2499,404.1100,411.7100,51019638,TSLA
2026-02-18,411.1100,416.9000,409.5800,411.3200,45921402,TSLA
2026-02-17,412.3600,413.7200,400.5100,410.6300,59678789,TSLA
2026-02-13,414.3050,424.0600,410.8800,417.4400,51434147,TSLA
2026-02-12,430.3000,436.2300,414.0000,417.0700,61933359,TSLA
2026-02-11,427.9550,436.3500,420.0300,428.2700,57361989,TSLA
2026-02-10,418.0800,427.2500,417.0000,425.2100,64450233,TSLA
2026-02-09,409.9050,421.2500,407.2900,417.3200,54484258,TSLA
2026-02-06,400.8700,414.5500,397.7510,411.1100,62677144,TSLA
2026-02-05,397.0150,402.1000,387.5309,397.2100,72819838,TSLA
2026-02-04,420.4600,423.9000,399.1800,406.0100,74606873,TSLA
2026-02-03,424.2700,428.5600,413.6901,421.9600,56269638,TSLA
2026-02-02,421.2900,427.1500,414.5000,421.8100,58739455,TSLA
2026-01-30,425.3500,439.8800,422.7000,430.4100,82626066,TSLA
2026-01-29,437.8000,440.2299,414.6200,416.5600,81686127,TSLA
2026-01-28,431.9100,438.2600,430.1000,431.4600,54857403,TSLA
2026-01-27,437.4100,437.5200,430.6900,430.9000,37321502,TSLA
2026-01-26,445.0000,445.0400,434.2800,435.2000,49397415,TSLA
2026-01-23,447.4250,452.4300,444.0400,449.0600,56771364,TSLA
2026-01-22,435.1600,449.5000,432.6300,449.3600,71546729,TSLA
2026-01-21,421.6600,438.2000,419.6201,431.4400,68123987,TSLA
2026-01-20,429.3600,430.7250,417.4400,419.2500,62208186,TSLA
2026-01-16,439.5000,447.2500,435.2601,437.5000,60220551,TSLA
2026-01-15,441.1250,445.3600,437.6500,438.5700,49465813,TSLA
2026-01-14,442.8100,443.9100,434.2200,439.2000,57259500,TSLA
2026-01-13,450.2000,451.8100,443.9500,447.2000,53719214,TSLA
2026-01-12,441.2250,454.3000,438.0000,448.9600,61649627,TSLA
2026-01-09,435.9450,449.0500,430.3900,445.0100,67331456,TSLA
2026-01-08,427.8900,436.8900,424.3650,435.8000,57041094,TSLA
2026-01-07,435.9000,438.3700,431.2900,431.4100,59828790,TSLA
2026-01-06,446.3800,448.2500,428.7800,432.9600,89093758,TSLA
2026-01-05,447.9900,457.5499,444.5700,451.6700,67940839,TSLA
2026-01-02,457.8000,458.3400,435.3000,438.0700,85535406,TSLA
2025-12-31,456.1000,456.5500,449.3000,449.7200,49077961,TSLA
2025-12-30,461.0900,463.1200,453.8300,454.4300,59238464,TSLA
2025-12-29,469.0000,469.4000,459.0000,459.6400,66263033,TSLA
2025-12-26,485.2300,489.0900,473.8200,475.1900,58780659,TSLA
2025-12-24,488.4800,490.9000,476.8000,485.4000,41285429,TSLA
2025-12-23,489.3950,491.9700,482.8400,485.5600,58223633,TSLA
2025-12-22,489.8800,498.8300,485.3300,488.7300,86916066,TSLA
2025-12-19,488.1200,490.4900,474.7200,481.2000,103305424,TSLA
2025-12-18,478.1600,490.8600,473.1200,483.3700,95168446,TSLA
2025-12-17,488.2200,495.2799,466.2000,467.2600,106490405,TSLA
2025-12-16,472.2100,491.5000,465.8300,489.8800,107608075,TSLA
2025-12-15,469.4400,481.7694,467.6600,475.3100,114542204,TSLA
2025-12-12,448.0900,463.0100,441.6700,458.9600,95656749,TSLA
2025-12-11,448.9450,449.2699,440.3300,446.8900,55979492,TSLA
2025-12-10,446.0650,456.8800,443.6100,451.4500,63257475,TSLA
2025-12-09,437.5400,452.3900,435.7000,445.1700,62014951,TSLA
2025-12-08,447.4450,449.7463,435.2500,439.5800,68386756,TSLA
2025-12-05,453.0300,458.8700,451.6600,455.0000,56427522,TSLA
2025-12-04,449.9400,454.6300,445.3900,454.5300,71906488,TSLA
2025-12-03,432.1000,447.9200,431.1100,446.7400,87482964,TSLA
2025-12-02,430.8100,436.8000,422.1200,429.2400,69336626,TSLA
2025-12-01,425.3200,433.6599,425.2900,430.1400,57463552,TSLA
2025-11-28,426.5900,432.9300,426.2000,430.1700,36252861,TSLA
2025-11-26,423.9500,426.9400,416.8900,426.5800,63462996,TSLA
2025-11-25,414.4200,420.4800,405.9500,419.4000,71915624,TSLA
2025-11-24,402.1700,421.7200,401.0900,417.7800,96806374,TSLA
2025-11-21,402.3200,402.8000,383.7600,391.0900,100460633,TSLA
2026-04-17,424.8200,431.5800,420.6900,422.7900,48568190,MSFT
2026-04-16,419.8600,420.8200,412.1400,420.2600,41642361,MSFT
2026-04-15,398.0000,414.3699,396.7300,411.2200,45063389,MSFT
2026-04-14,387.9150,394.6900,386.5200,393.1100,37504486,MSFT
2026-04-13,373.6050,384.5400,371.0200,384.3700,35745781,MSFT
2026-04-10,372.9800,375.6400,370.0300,370.8700,28111128,MSFT
2026-04-09,372.5000,373.5000,367.0500,373.0700,30435297,MSFT
2026-04-08,384.9800,385.0000,371.4100,374.3300,33064818,MSFT
2026-04-07,370.3400,372.4500,366.5600,372.2900,21443349,MSFT
2026-04-06,373.4900,373.7300,369.5014,372.8800,16146572,MSFT
2026-04-02,367.2050,373.6400,364.1500,373.4600,24099067,MSFT
2026-04-01,373.4900,373.9900,368.2000,369.3700,29417206,MSFT
2026-03-31,364.5500,372.9000,363.0700,370.1700,45244365,MSFT
2026-03-30,361.8950,365.3600,356.2800,358.9600,44797002,MSFT
2026-03-27,361.9000,362.4500,356.5100,356.7700,37883400,MSFT
2026-03-26,370.8150,374.7199,365.1900,365.9700,36836574,MSFT
2026-03-25,376.9200,377.0600,369.6300,371.0400,31181163,MSFT
2026-03-24,382.3600,382.4700,371.8500,372.7400,42733625,MSFT
2026-03-23,383.9000,387.2100,381.6800,383.0000,29680059,MSFT
2026-03-20,386.7900,387.0000,380.1200,381.8700,50853154,MSFT
2026-03-19,390.1000,392.4900,387.0600,389.0200,25138772,MSFT
2026-03-18,397.1250,398.0000,391.0000,391.7900,25908484,MSFT
2026-03-17,400.2700,404.4000,397.7450,399.4100,26228279,MSFT
2026-03-16,398.0700,400.6300,394.7900,399.9500,27733721,MSFT
2026-03-13,401.0000,404.8000,394.2500,395.5500,26848000,MSFT
2026-03-12,404.6300,406.1200,401.7100,401.8600,27263886,MSFT
2026-03-11,405.5700,409.0100,401.5900,404.8800,25512139,MSFT
2026-03-10,410.0300,410.2000,402.9300,405.7600,31706375,MSFT
2026-03-09,404.9150,410.2100,403.5000,409.4100,30131854,MSFT
2026-03-06,409.2000,413.0500,408.5101,408.9600,31123859,MSFT
2026-03-05,404.4200,411.6100,404.4000,410.6800,39001315,MSFT
2026-03-04,401.2650,411.0326,400.3100,405.2000,35807990,MSFT
2026-03-03,393.1400,406.7000,392.6700,403.9300,38199209,MSFT
2026-03-02,392.8550,401.1900,390.6300,398.5500,35474907,MSFT
2026-02-27,390.8800,396.8200,389.8800,392.7400,51367196,MSFT
2026-02-26,404.7100,407.4900,398.7400,401.7200,34405869,MSFT
2026-02-25,390.5250,401.4700,390.1600,400.6000,43625483,MSFT
2026-02-24,384.1400,389.3600,381.7100,389.0000,33884653,MSFT
2026-02-23,395.0000,395.3600,383.1000,384.4700,43238273,MSFT
2026-02-20,396.1100,400.1159,395.1600,397.2300,34015249,MSFT
2026-02-19,400.6900,404.4300,396.6700,398.4600,28234001,MSFT
2026-02-18,398.1300,402.5600,396.3200,399.6000,23223417,MSFT
2026-02-17,399.2200,400.5200,394.5250,396.8600,32078794,MSFT
2026-02-13,404.4500,405.5400,398.0500,401.3200,34091553,MSFT
2026-02-12,405.0000,406.2000,398.0100,401.8400,40802362,MSFT
2026-02-11,416.1750,416.4600,401.0100,404.3700,42491012,MSFT
2026-02-10,419.6200,423.6800,412.7000,413.2700,44857850,MSFT
2026-02-09,404.8500,414.8900,400.8700,413.6000,45480526,MSFT
2026-02-06,399.1650,401.7900,392.9200,401.1400,53515311,MSFT
2026-02-05,407.4400,408.3000,392.3200,393.6700,66289247,MSFT
2026-02-04,411.0000,419.8000,409.2400,414.1900,45012374,MSFT
2026-02-03,422.0100,422.0500,408.5600,411.2100,60076532,MSFT
2026-02-02,430.2350,430.7360,422.2500,423.3700,42219858,MSFT
2026-01-30,439.1700,439.6000,426.4500,430.2900,58566819,MSFT
2026-01-29,439.9900,442.5000,421.0200,433.5000,128855323,MSFT
2026-01-28,483.2100,483.7400,478.0000,481.6300,36875403,MSFT
2026-01-27,473.7000,482.8700,473.1600,480.5800,29088664,MSFT
2026-01-26,465.3050,474.2500,462.0000,470.2800,29291235,MSFT
2026-01-23,451.8700,471.1000,450.5300,465.9500,38000159,MSFT
2026-01-22,447.6200,452.8400,444.7000,451.1400,25349378,MSFT
2026-01-21,452.5950,452.6900,438.6800,444.1100,37980510,MSFT
2026-01-20,451.2150,456.8000,449.2800,454.5200,25973898,MSFT
2026-01-16,457.8300,463.1900,456.4800,459.8600,34246650,MSFT
2026-01-15,464.1200,464.2500,455.9000,456.6600,23225839,MSFT
2026-01-14,466.4600,468.2000,457.1700,459.3800,28184302,MSFT
2026-01-13,474.6750,475.7799,465.9500,470.6700,28545800,MSFT
2026-01-12,476.6700,480.9900,475.6803,477.1800,23519895,MSFT
2026-01-09,474.0600,479.8200,472.2001,479.2800,18491036,MSFT
2026-01-08,481.2400,482.6600,475.8600,478.1100,18162616,MSFT
2026-01-07,479.7550,489.7000,477.9500,483.4700,25564196,MSFT
2026-01-06,473.8000,478.7367,469.7500,478.5100,23037665,MSFT
2026-01-05,474.0550,476.0700,469.5000,472.8500,25250260,MSFT
2026-01-02,484.3850,484.6600,470.1600,472.9400,25571567,MSFT
2025-12-31,487.8400,488.1400,483.3000,483.6200,15601554,MSFT
2025-12-30,485.9300,489.6800,485.5000,487.4800,13944512,MSFT
2025-12-29,484.8550,488.3500,484.1800,487.1000,10893408,MSFT
2025-12-26,486.7050,488.1200,485.9600,487.7100,8842175,MSFT
2025-12-24,485.6800,489.1625,484.8300,488.0200,5855880,MSFT
2025-12-23,484.9800,487.8300,484.7400,486.8500,14683582,MSFT
2025-12-22,486.1200,488.7300,482.6900,484.9200,16963019,MSFT
2025-12-19,487.3600,487.8500,482.4900,485.9200,70836105,MSFT
2025-12-18,478.1900,489.6000,477.8900,483.9800,28573545,MSFT
2025-12-17,476.9050,480.0000,475.0000,476.1200,24527176,MSFT
2025-12-16,471.9050,477.8900,470.8800,476.3900,20705560,MSFT
2025-12-15,480.1000,480.7205,472.5200,474.8200,23727694,MSFT
2025-12-12,479.8200,482.4500,476.3400,478.5300,21248102,MSFT
2025-12-11,476.6300,486.0300,475.8600,483.4700,24669180,MSFT
2025-12-10,484.0300,484.2500,475.0800,478.5600,35756229,MSFT
2025-12-09,489.1000,492.1200,488.5001,492.0200,14092776,MSFT
2025-12-08,484.8850,492.3000,484.3800,491.0200,20668450,MSFT
2025-12-05,482.5150,483.4000,478.8801,483.1600,22608710,MSFT
2025-12-04,479.7600,481.3220,476.4900,480.8400,22318155,MSFT
2025-12-03,476.3200,484.2400,475.2000,477.7300,34615102,MSFT
2025-12-02,486.7150,493.4999,486.3200,490.0000,19562722,MSFT
2025-12-01,488.4350,489.8599,484.6475,486.7400,23963993,MSFT
2025-11-28,487.5950,492.6300,486.6500,492.0100,14386730,MSFT
2025-11-26,486.3100,488.3100,481.2000,485.5000,25709079,MSFT
2025-11-25,474.0700,479.1500,464.8900,476.9900,28019793,MSFT
2025-11-24,475.0000,476.9000,468.0200,474.0000,34421046,MSFT
2025-11-21,478.5000,478.9200,468.2700,472.1200,31769248,MSFT
2026-04-17,337.6500,342.3200,336.2400,341.6800,25581881,GOOGL
2026-04-16,338.7500,339.8800,334.5200,336.0200,20541487,GOOGL
2026-04-15,332.8900,337.4800,330.9000,337.1200,24918842,GOOGL
2026-04-14,324.7850,333.2900,323.7500,332.9100,27721351,GOOGL
2026-04-13,317.1350,321.6300,315.4700,321.3100,18866424,GOOGL
2026-04-10,320.0150,321.8300,316.3200,317.2400,19152630,GOOGL
2026-04-09,315.9050,319.5400,311.0600,318.4900,23739173,GOOGL
2026-04-08,320.4450,322.0800,315.0200,317.3200,33547140,GOOGL
2026-04-07,302.7250,305.6300,297.7200,305.4600,23205361,GOOGL
2026-04-06,295.8700,300.6200,295.1800,299.9900,16945494,GOOGL
2026-04-02,290.6900,298.0800,289.4500,295.7700,21666465,GOOGL
2026-04-01,290.8350,300.5200,290.4100,297.3900,37684462,GOOGL
2026-03-31,278.0400,288.0800,277.0900,287.5600,43875400,GOOGL
2026-03-30,276.4200,277.0900,272.1100,273.5000,35141244,GOOGL
2026-03-27,277.2750,279.3700,273.9500,274.3400,35890612,GOOGL
2026-03-26,287.9100,287.9500,278.5000,280.9200,39080578,GOOGL
2026-03-25,293.4400,296.0000,289.2400,290.9300,29460669,GOOGL
2026-03-24,299.2000,299.9200,290.3300,290.4400,36864278,GOOGL
2026-03-23,302.1100,305.9800,300.9300,302.0600,29326946,GOOGL
2026-03-20,305.4600,306.0000,298.2700,301.0000,44364079,GOOGL
2026-03-19,304.0050,308.0600,302.3500,307.1300,25075831,GOOGL
2026-03-18,309.2700,312.4700,306.9320,307.6900,20009815,GOOGL
2026-03-17,305.8600,311.4200,305.5000,310.9200,21955171,GOOGL
2026-03-16,304.3500,306.4886,303.0201,305.5600,23519709,GOOGL
2026-03-13,307.0100,307.6900,300.4400,302.2800,23693092,GOOGL
2026-03-12,306.8200,308.9400,301.0300,303.5500,24928347,GOOGL
2026-03-11,306.7500,311.4200,305.9200,308.7000,24125714,GOOGL
2026-03-10,306.1700,309.5100,305.5704,307.0400,23239684,GOOGL
2026-03-09,294.3600,306.8000,294.0800,306.3600,29312149,GOOGL
2026-03-06,296.0900,300.5300,295.1800,298.5200,25576916,GOOGL
2026-03-05,303.0350,303.3000,297.9900,300.8800,35752321,GOOGL
2026-03-04,302.8900,305.4700,300.7500,303.1300,29536190,GOOGL
2026-03-03,298.5900,303.9400,296.7100,303.5800,35496961,GOOGL
2026-03-02,303.2250,308.4900,301.3000,306.5200,34790203,GOOGL
2026-02-27,304.1350,312.3700,303.8000,311.7600,44640640,GOOGL
2026-02-26,312.6400,313.1400,302.3450,307.3800,36431231,GOOGL
2026-02-25,312.0600,313.6400,309.4400,312.9000,29963621,GOOGL
2026-02-24,310.5150,312.2700,305.9300,310.9000,25615646,GOOGL
2026-02-23,319.0450,319.5150,309.8650,311.4900,31422974,GOOGL
2026-02-20,304.3200,316.5000,303.9000,314.9800,53210820,GOOGL
2026-02-19,301.8200,305.4700,300.0400,302.8500,25834395,GOOGL
2026-02-18,302.0900,305.3800,301.2500,303.3300,28482075,GOOGL
2026-02-17,300.0400,304.4350,296.2500,302.0200,39247556,GOOGL
2026-02-13,307.7250,308.6300,303.7100,305.7200,38499701,GOOGL
2026-02-12,312.0900,316.2400,307.2000,309.0000,47761288,GOOGL
2026-02-11,318.9700,321.0600,309.6600,310.9600,45406405,GOOGL
2026-02-10,320.9700,321.6700,314.6100,318.5800,39170012,GOOGL
2026-02-09,320.9300,327.7000,317.2600,324.3200,39640055,GOOGL
2026-02-06,327.1800,330.3800,319.9200,322.8600,56380484,GOOGL
2026-02-05,312.2200,332.6900,306.4600,331.2500,88205849,GOOGL
2026-02-04,342.9600,343.3100,328.5200,333.0400,70618398,GOOGL
2026-02-03,347.3400,349.0000,337.4745,339.7100,35930599,GOOGL
2026-02-02,336.2200,344.8300,335.6300,343.6900,32006052,GOOGL
2026-01-30,340.0000,340.0000,332.2850,338.0000,31023954,GOOGL
2026-01-29,340.3000,342.2900,326.5400,338.2500,39785612,GOOGL
2026-01-28,336.0600,337.5350,331.9400,336.0100,27434434,GOOGL
2026-01-27,335.3650,337.9100,333.4800,334.5500,19722250,GOOGL
2026-01-26,327.8050,335.8400,327.0000,333.2600,26042120,GOOGL
2026-01-23,332.4850,333.6889,327.4500,327.9300,27279974,GOOGL
2026-01-22,334.4500,335.1500,328.7500,330.5400,26253640,GOOGL
2026-01-21,320.9200,332.4799,319.3518,328.3800,35386603,GOOGL
2026-01-20,320.8700,327.7300,320.4300,322.0000,34808916,GOOGL
2026-01-16,334.4100,334.6500,327.7000,330.0000,40341637,GOOGL
2026-01-15,337.6500,337.6900,330.7400,332.7800,28442406,GOOGL
2026-01-14,335.0600,336.5200,330.4800,335.8400,28525571,GOOGL
2026-01-13,334.9500,340.4900,333.6200,335.9700,33517607,GOOGL
2026-01-12,325.8000,334.0400,325.0000,331.8600,33923928,GOOGL
2026-01-09,327.0900,330.8300,325.8000,328.5700,26214166,GOOGL
2026-01-08,328.9650,330.3196,321.5000,325.4400,31896101,GOOGL
2026-01-07,314.3600,326.1500,314.1900,321.9800,35104425,GOOGL
2026-01-06,316.4000,320.9400,311.7800,314.3400,31212101,GOOGL
2026-01-05,317.6550,319.0150,314.6300,316.5400,30195597,GOOGL
2026-01-02,316.9000,322.5000,310.3300,315.1500,32009385,GOOGL
2025-12-31,312.8450,314.5800,311.4400,313.0000,16377689,GOOGL
2025-12-30,312.5000,316.9500,312.4600,313.8500,17380888,GOOGL
2025-12-29,311.3650,314.0200,310.6200,313.5600,19621777,GOOGL
2025-12-26,314.4800,315.0850,312.2750,313.5100,10899017,GOOGL
2025-12-24,314.7700,315.0800,311.9200,314.0900,10097361,GOOGL
2025-12-23,309.6250,314.9400,309.3200,314.3500,25478670,GOOGL
2025-12-22,309.8750,310.1300,305.3000,309.7800,26429937,GOOGL
2025-12-19,301.7300,307.2500,300.9700,307.1600,59943239,GOOGL
2025-12-18,301.7200,303.9600,299.2308,302.4600,33518048,GOOGL
2025-12-17,308.0100,308.0900,296.1200,296.7200,43930358,GOOGL
2025-12-16,304.9450,310.7700,302.5900,306.5700,30585020,GOOGL
2025-12-15,311.3150,311.4200,304.8800,308.2200,29151889,GOOGL
2025-12-12,313.7000,314.8700,305.5600,309.2900,35940170,GOOGL
2025-12-11,320.0800,321.1200,308.6000,312.4300,42353697,GOOGL
2025-12-10,315.8300,321.3100,314.6800,320.2100,33428923,GOOGL
2025-12-09,312.3700,317.9900,311.8950,317.0800,30089731,GOOGL
2025-12-08,320.0500,320.4400,311.2219,313.7200,33403895,GOOGL
2025-12-05,319.4900,323.1600,319.1650,321.2700,28851705,GOOGL
2025-12-04,322.2250,322.3600,314.7000,317.6200,31240924,GOOGL
2025-12-03,315.8900,321.5800,314.1000,319.6300,41838317,GOOGL
2025-12-02,316.7400,318.3800,313.9100,315.8100,35854744,GOOGL
2025-12-01,317.7000,319.8500,313.8900,314.8900,41182956,GOOGL
2025-11-28,323.3650,326.8500,316.7900,320.1800,26018568,GOOGL
2025-11-26,320.6800,324.5000,316.7900,319.9500,51373361,GOOGL
2025-11-25,326.2100,328.8300,317.6500,323.4400,88632074,GOOGL
2025-11-24,311.1300,319.4800,309.5950,318.5800,85165123,GOOGL
2025-11-21,296.4150,303.9200,293.8450,299.6600,74137697,GOOGL
