date,open,high,low,close,volume,symbol,daily_return,ma_7,ma_30,volatility
2025-11-21,265.95,273.33,265.67,271.49,59030832.0,AAPL,0.020830983267531567,,,
2025-11-24,270.9,277.0,270.9,275.92,65585796.0,AAPL,0.018530823181986115,,,
2025-11-25,275.27,280.38,275.25,276.97,46914220.0,AAPL,0.006175754713554131,,,
2025-11-26,276.96,279.53,276.63,277.55,33431423.0,AAPL,0.00213027151935309,,,
2025-11-28,277.26,279.0,275.9865,278.85,20135620.0,AAPL,0.005734689461155709,,,
2025-12-01,278.01,283.42,276.14,283.1,46587722.0,AAPL,0.01830869393187307,,,
2025-12-02,283.0,287.4,282.6301,286.19,53669532.0,AAPL,0.011272084805653702,278.5814285714286,,0.007431994101984866
2025-12-03,286.2,288.62,283.3,284.15,43538687.0,AAPL,-0.00716282320055909,280.39,,0.009133751460847736
2025-12-04,284.095,284.73,278.59,280.7,43989056.0,AAPL,-0.011950227916718134,281.0728571428571,,0.010377360821201647
2025-12-05,280.54,281.14,278.05,278.78,47265845.0,AAPL,-0.00627361517074231,281.33142857142855,,0.010896411148656419
2025-12-08,278.13,279.6693,276.15,277.89,36406317.0,AAPL,-0.0008629058354007446,281.38,,0.01093640841317373
2025-12-09,278.16,280.03,276.92,277.18,31753410.0,AAPL,-0.003523152142651776,281.14142857142855,,0.010869623915101287
2025-12-10,277.75,279.75,276.44,278.78,33038318.0,AAPL,0.0037083708370836102,280.52428571428567,,0.007704788597301459
2025-12-11,279.095,279.59,273.81,278.03,33247986.0,AAPL,-0.0038159049785917143,279.3585714285714,,0.004956400962204977
2025-12-12,277.9,279.22,276.82,278.28,39532887.0,AAPL,0.0013673983447283033,278.52,,0.005170245005752908
2025-12-15,280.15,280.15,272.84,274.11,50409078.0,AAPL,-0.021559878636444634,277.5785714285714,,0.008272422572795349
2025-12-16,272.82,275.5,271.79,274.61,37648628.0,AAPL,0.006561102558463531,276.98285714285714,,0.009167750696089334
2025-12-17,275.01,276.16,271.64,271.84,50138743.0,AAPL,-0.011526853568961187,276.11857142857144,,0.009703436310920813
2025-12-18,273.605,273.63,266.95,272.19,51630721.0,AAPL,-0.005171689113868607,275.4057142857143,,0.009706747663874181
2025-12-19,272.145,274.6,269.9,273.67,144632048.0,AAPL,0.005603630417608386,274.67571428571426,,0.009991189299297392
2025-12-22,272.86,273.88,270.505,270.97,36571827.0,AAPL,-0.006926629040533557,273.6671428571429,,0.010046642765052101
2025-12-23,270.84,272.5,269.56,272.36,29641999.0,AAPL,0.00561216954659592,272.82142857142856,,0.010575531837322773
2025-12-24,272.34,275.43,272.195,273.81,17910574.0,AAPL,0.005397664683851169,272.7785714285714,,0.007556938056157079
2025-12-26,274.16,275.37,272.86,273.4,21521802.0,AAPL,-0.0027721038809456074,272.60571428571427,,0.00699564945854008
2025-12-29,272.69,274.36,272.35,273.76,23715213.0,AAPL,0.0039238695955113615,272.88,,0.0055565288394494585
2025-12-30,272.81,274.08,272.28,273.08,22139617.0,AAPL,0.0009896997910633107,273.00714285714287,,0.004900407377833302
2025-12-31,273.06,273.68,271.75,271.86,27293639.0,AAPL,-0.004394638540979962,272.74857142857144,,0.005025015023820345
2026-01-02,272.255,277.84,269.0,271.01,37838054.0,AAPL,-0.00457291877100514,272.7542857142857,,0.0045169302737878775
2026-01-05,270.64,271.51,266.14,267.26,45647190.0,AAPL,-0.012488915164055555,272.0257142857143,,0.006078962260991559
2026-01-06,267.0,267.55,262.12,262.36,52352090.0,AAPL,-0.017378277153558,270.39,275.3383333333333,0.007415303187438187
2026-01-07,263.2,263.68,259.81,260.33,48309804.0,AAPL,-0.010904255319148954,268.52285714285716,274.96633333333335,0.007598632854197526
2026-01-08,257.02,259.29,255.7,259.04,50419337.0,AAPL,0.007859310559489685,266.42,274.4036666666667,0.008573185462318526
2026-01-09,259.075,260.21,256.22,259.37,39996967.0,AAPL,0.001138666409340986,264.4614285714286,273.817,0.008593129956377852
2026-01-12,259.16,261.3,256.8,260.25,45263767.0,AAPL,0.004205895971600458,262.80285714285714,273.2403333333333,0.00940721113275952
2026-01-13,258.72,261.81,258.39,261.05,45730847.0,AAPL,0.009005875077303585,261.38,272.647,0.010720085865832606
2026-01-14,259.49,261.82,256.71,259.96,40019421.0,AAPL,0.0018112451346871572,260.33714285714285,271.87566666666663,0.009861154362161647
2026-01-15,260.65,261.04,257.05,258.21,39388564.0,AAPL,-0.009361212353731049,259.7442857142857,270.943,0.00784921978223858
2026-01-16,257.9,258.9,254.93,255.53,72142773.0,AAPL,-0.009189608375339187,259.0585714285714,269.989,0.007449248222615508
2026-01-20,252.73,254.79,243.42,246.7,77280987.0,AAPL,-0.023859454754085394,257.29571428571427,268.85566666666665,0.011152730233654932
2026-01-21,248.7,251.56,245.18,247.65,54641725.0,AAPL,-0.004221954161640462,255.62142857142857,267.818,0.010943194289968415
2026-01-22,249.2,251.0,248.15,248.35,39708340.0,AAPL,-0.0034109149277688376,253.92142857142855,266.8333333333333,0.010290682216034776
2026-01-23,247.32,249.41,244.68,248.04,41688982.0,AAPL,0.0029112081513828192,252.06285714285713,265.86199999999997,0.009029084298345915
2026-01-26,251.48,256.56,249.8,255.41,55969234.0,AAPL,0.015627485287100392,251.41285714285715,265.08299999999997,0.012122413014987156
2026-01-27,259.17,261.95,258.21,258.27,48787855.0,AAPL,-0.003472624146313362,251.42142857142858,264.4243333333333,0.011931717880886246
2026-01-28,257.65,258.855,254.51,256.44,41287971.0,AAPL,-0.004696293421307897,251.5514285714286,263.69633333333337,0.011703298004867019
2026-01-29,258.0,259.65,254.41,258.28,67253009.0,AAPL,0.0010852713178293517,253.2057142857143,263.16866666666664,0.007249801889150962
2026-01-30,255.165,261.8999,252.18,259.48,92443408.0,AAPL,0.01691062645739042,254.8957142857143,262.66433333333333,0.009097859699301814
2026-02-02,260.03,270.49,259.205,270.01,73913425.0,AAPL,0.03838018690151144,257.99,262.6033333333333,0.015332773077741292
2026-02-03,269.2,271.875,267.61,269.48,63799388.0,AAPL,0.0010401188707281931,261.05285714285714,262.51300000000003,0.01548306757511978
2026-02-04,272.285,278.95,272.285,276.49,90545710.0,AAPL,0.015443377343592132,264.06428571428575,262.607,0.015470615235295117
2026-02-05,278.13,279.5,273.23,275.91,52977441.0,AAPL,-0.007981878977456478,266.5842857142857,262.77166666666665,0.016166482234942003
2026-02-06,277.12,280.905,276.925,278.12,50453414.0,AAPL,0.003608545034642032,269.68142857142857,262.96366666666665,0.015310373929720207
2026-02-09,277.905,278.2,271.7,274.62,44623396.0,AAPL,-0.011820586171533325,272.0157142857143,262.9906666666667,0.017193674451698875
2026-02-10,274.885,275.37,272.94,273.68,34376898.0,AAPL,-0.004383651345107897,274.0442857142857,263.0,0.017225752144589806
2026-02-11,274.695,280.18,274.45,275.5,51931283.0,AAPL,0.002930522943628413,274.8285714285714,263.058,0.00897820466359627
2026-02-12,275.59,275.72,260.18,261.73,81077229.0,AAPL,-0.05029210058420101,273.7214285714286,262.67966666666666,0.020890066684920147
2026-02-13,262.01,262.23,255.45,255.78,56290673.0,AAPL,-0.023777718407694326,270.7628571428571,262.14366666666666,0.01887337593478806
2026-02-17,258.05,266.29,255.54,263.88,58469094.0,AAPL,0.022592520829296584,269.0442857142857,261.906,0.023279433531057218
2026-02-18,263.6,266.82,262.45,264.35,34203337.0,AAPL,0.0028452200303490135,267.07714285714286,261.809,0.023213673626768756
2026-02-19,262.6,264.48,260.05,260.58,30845294.0,AAPL,-0.0076923076923078385,265.0714285714286,261.7496666666667,0.023177851916879984
2026-02-20,258.97,264.75,258.16,264.58,42070499.0,AAPL,0.021662740858014274,263.7714285714286,261.89133333333336,0.025840500262398737
2026-02-23,263.49,269.43,263.381,266.18,37308155.0,AAPL,0.010209116095487485,262.44,262.12933333333336,0.02633263664108648
2026-02-24,267.86,274.89,267.71,272.14,47014619.0,AAPL,0.01597849622937345,263.9271428571429,262.555,0.01694136926608401
2026-02-25,271.78,274.94,271.05,274.23,33714342.0,AAPL,0.009014644197512862,266.5628571428571,263.021,0.01074337178922691
2026-02-26,274.945,276.11,270.795,272.95,32345114.0,AAPL,-0.007255996653876246,267.85857142857145,263.41766666666666,0.011133734117018977
2026-02-27,272.81,272.81,262.89,264.18,72366505.0,AAPL,-0.0316337377662109,267.8342857142857,263.55833333333334,0.018291552691750118
2026-03-02,262.41,266.53,260.2,264.72,41827946.0,AAPL,0.00880301817766092,268.42571428571426,263.7753333333333,0.017974394050925966
2026-03-03,263.48,265.56,260.13,263.75,38568921.0,AAPL,0.0010247457112493616,268.3071428571429,264.0493333333333,0.016162209675957037
2026-03-04,264.65,266.15,261.42,262.52,39803119.0,AAPL,-0.008048365766106161,267.7842857142857,264.57666666666665,0.015875889599575737
2026-03-05,260.79,261.555,257.25,260.29,49658626.0,AAPL,-0.001917251428352314,266.0914285714286,264.998,0.013861935548063274
2026-03-06,258.63,258.77,254.37,257.46,41120042.0,AAPL,-0.004523837141862955,263.6957142857143,265.3016666666667,0.01258201287780551
2026-03-09,255.69,261.15,253.6805,259.88,38218533.0,AAPL,0.01638703117055809,261.8285714285714,265.69633333333337,0.015166124120785177
2026-03-10,257.645,262.48,256.95,260.83,30590765.0,AAPL,0.012361970928991451,261.34999999999997,265.877,0.009182664681069616
2026-03-11,261.09,262.13,259.55,260.81,26218927.0,AAPL,-0.0010724271324063456,260.7914285714286,265.9616666666667,0.008977904253827385
2026-03-12,258.66,258.95,254.18,255.76,40794020.0,AAPL,-0.011211629165700277,259.65,265.939,0.010300189980967276
2026-03-13,255.48,256.33,249.52,250.12,36929988.0,AAPL,-0.02098011586034126,257.87857142857143,265.66700000000003,0.012879968598830139
2026-03-16,252.105,253.885,249.88,252.82,32074209.0,AAPL,0.002836119870688814,256.81142857142856,265.445,0.012983202223107134
2026-03-17,252.955,255.13,252.18,254.23,32361607.0,AAPL,0.00504042220948381,256.34999999999997,264.91900000000004,0.013039711272444821
2026-03-18,252.625,254.94,249.0,249.94,35757874.0,AAPL,-0.010628401781296396,254.93,264.2676666666667,0.011447823772314803
2026-03-19,249.4,251.83,247.3,248.96,34864082.0,AAPL,-0.001764234161988764,253.2342857142857,263.35,0.009243321372076481
2026-03-20,247.975,249.1999,246.0,247.99,88331081.0,AAPL,6.048996874690908e-05,251.40285714285713,262.4193333333333,0.009341067557545211
2026-03-23,253.97,254.6,250.28,251.49,40546109.0,AAPL,-0.009764932866086505,250.79285714285714,261.53166666666664,0.009201770075692813
2026-03-24,250.35,254.825,249.55,251.64,45152288.0,AAPL,0.005152786099460723,251.01000000000002,260.7656666666666,0.006578846856696755
2026-03-25,254.095,255.0,251.6,252.62,28476668.0,AAPL,-0.005804915484366061,250.98142857142855,260.0636666666667,0.006484429639323761
2026-03-26,252.115,257.0,250.77,252.89,41796650.0,AAPL,0.0030739940106696436,250.79000000000002,259.31,0.006134991161254541
2026-03-27,253.9,255.493,248.07,248.8,47899998.0,AAPL,-0.020086648286727037,250.62714285714287,258.879,0.008664006030279427
2026-03-30,250.07,250.87,245.51,246.63,39446213.0,AAPL,-0.013756148278482016,250.2942857142857,258.574,0.009274935183623715
2026-03-31,247.91,255.48,247.101,253.79,49598091.0,AAPL,0.023718284861441633,251.12285714285713,258.23766666666666,0.014587241246920237
2026-04-01,254.08,256.18,253.33,255.63,40059432.0,AAPL,0.006100440806045273,251.71428571428572,257.947,0.014501772498751748
2026-04-02,254.2,256.13,250.65,255.92,31289369.0,AAPL,0.006766325727773402,252.32571428571433,257.7916666666667,0.01461396078021586
2026-04-06,256.51,262.16,256.46,258.86,29329911.0,AAPL,0.009161436201317777,253.21714285714285,257.601,0.01471730666714128
2026-04-07,256.155,256.2,245.7,253.5,62148008.0,AAPL,-0.010364818176494595,253.30428571428573,257.17833333333334,0.015434181213409138
2026-04-08,258.45,259.7499,256.53,258.9,41032772.0,AAPL,0.0017411491584445294,254.74714285714285,256.73699999999997,0.01259086957956527
2026-04-09,259.0,261.12,256.07,260.49,28121574.0,AAPL,0.005752895752895788,256.7271428571429,256.279,0.010086511058969561
2026-04-10,259.98,262.19,259.0231,260.48,31291473.0,AAPL,0.0019232248634510345,257.6828571428572,255.86333333333332,0.00646401912502795
2026-04-13,259.73,260.18,256.66,259.2,36234698.0,AAPL,-0.0020405806029339295,258.1928571428571,255.69733333333335,0.006547461961080936
2026-04-14,259.245,261.93,257.19,258.83,48370710.0,AAPL,-0.0016008023298425059,258.6085714285714,255.501,0.006257359420851766
2026-04-15,258.16,266.56,257.81,266.43,49913510.0,AAPL,0.03203439727300891,259.69,255.59033333333335,0.013370222812640714
2026-04-16,266.8,267.16,261.27,263.4,43323112.0,AAPL,-0.012743628185907173,261.1042857142857,255.61966666666663,0.01381661407093948
2026-04-17,266.96,272.3,266.72,270.23,61436228.0,AAPL,0.012249026071321691,262.72285714285715,255.951,0.014150205914581382
2025-11-21,296.415,303.92,293.845,299.66,74137697.0,GOOGL,0.010947489162154427,,,
2025-11-24,311.13,319.48,309.595,318.58,85165123.0,GOOGL,0.023944974769388967,,,
2025-11-25,326.21,328.83,317.65,323.44,88632074.0,GOOGL,-0.008491462554795935,,,
2025-11-26,320.68,324.5,316.79,319.95,51373361.0,GOOGL,-0.002276412623175808,,,
2025-11-28,323.365,326.85,316.79,320.18,26018568.0,GOOGL,-0.009849550817188014,,,
2025-12-01,317.7,319.85,313.89,314.89,41182956.0,GOOGL,-0.00884482215926976,,,
2025-12-02,316.74,318.38,313.91,315.81,35854744.0,GOOGL,-0.002936162151922734,316.0728571428572,,0.012606038831586907
2025-12-03,315.89,321.58,314.1,319.63,41838317.0,GOOGL,0.011839564405330998,318.92571428571426,,0.012734805914188031
2025-12-04,322.225,322.36,314.7,317.62,31240924.0,GOOGL,-0.014291256109861178,318.7885714285714,,0.008485906215050663
2025-12-05,319.49,323.16,319.165,321.27,28851705.0,GOOGL,0.005571379385896187,318.4785714285714,,0.009153989675005471
2025-12-08,320.05,320.44,311.2219,313.72,33403895.0,GOOGL,-0.019778159662552676,317.5885714285714,,0.011113515007990677
2025-12-09,312.37,317.99,311.895,317.08,30089731.0,GOOGL,0.015078272561385471,317.1457142857143,,0.013262317244077719
2025-12-10,315.83,321.31,314.68,320.21,33428923.0,GOOGL,0.013868220245068535,317.9057142857143,,0.014038281853620549
2025-12-11,320.08,321.12,308.6,312.43,42353697.0,GOOGL,-0.023900274931267115,317.42285714285714,,0.01702093142864968
2025-12-12,313.7,314.87,305.56,309.29,35940170.0,GOOGL,-0.014058017213898528,315.94571428571425,,0.01640117089997366
2025-12-15,311.315,311.42,304.88,308.22,29151889.0,GOOGL,-0.009941698922313318,314.6028571428572,,0.016085706777752548
2025-12-16,304.945,310.77,302.59,306.57,30585020.0,GOOGL,0.00532882978897834,312.5028571428571,,0.016060041127407068
2025-12-17,308.01,308.09,296.12,296.72,43930358.0,GOOGL,-0.03665465406967294,310.07428571428574,,0.019571177661255157
2025-12-18,301.72,303.96,299.2308,302.46,33518048.0,GOOGL,0.002452605064297866,307.9857142857143,,0.017666824621486447
2025-12-19,301.73,307.25,300.97,307.16,59943239.0,GOOGL,0.017996221787691002,306.12142857142857,,0.018601049464012687
2025-12-22,309.875,310.13,305.3,309.78,26429937.0,GOOGL,-0.0003065752319484543,305.74285714285713,,0.01742393415543752
2025-12-23,309.625,314.94,309.32,314.35,25478670.0,GOOGL,0.015260395639887034,306.46571428571434,,0.01838811472473469
2025-12-24,314.77,315.08,311.92,314.09,10097361.0,GOOGL,-0.002160307526130212,307.30428571428575,,0.017976629436593134
2025-12-26,314.48,315.085,312.275,313.51,10899017.0,GOOGL,-0.0030844568812007987,308.2957142857143,,0.01786321957755135
2025-12-29,311.365,314.02,310.62,313.56,19621777.0,GOOGL,0.0070496041623175154,310.70142857142855,,0.008455369522228431
2025-12-30,312.5,316.95,312.46,313.85,17380888.0,GOOGL,0.004320000000000073,312.3285714285715,,0.008379109634357548
2025-12-31,312.845,314.58,311.44,313.0,16377689.0,GOOGL,0.0004954530198659806,313.16285714285715,,0.006445508684320095
2026-01-02,316.9,322.5,310.33,315.15,32009385.0,GOOGL,-0.0055222467655411805,313.92999999999995,,0.007163938703816325
2026-01-05,317.655,319.015,314.63,316.54,30195597.0,GOOGL,-0.0035100974327492165,314.24285714285713,,0.004560161674810034
2026-01-06,316.4,320.94,311.78,314.34,31212101.0,GOOGL,-0.006510745891276873,314.2785714285714,313.4353333333333,0.0051119375627729224
2026-01-07,314.36,326.15,314.19,321.98,35104425.0,GOOGL,0.024239725155872263,315.48857142857145,314.1793333333334,0.010653460120676824
2026-01-08,328.965,330.3196,321.5,325.44,31896101.0,GOOGL,-0.010715425653184922,317.1857142857143,314.408,0.011585774108118053
2026-01-09,327.09,330.83,325.8,328.57,26214166.0,GOOGL,0.0045247485401572,319.2885714285714,314.57899999999995,0.011597573934662219
2026-01-12,325.8,334.04,325.0,331.86,33923928.0,GOOGL,0.018600368324125236,321.98285714285714,314.976,0.01348083767420515
2026-01-13,334.95,340.49,333.62,335.97,33517607.0,GOOGL,0.0030452306314376434,324.95714285714286,315.5023333333333,0.012955211555644821
2026-01-14,335.06,336.52,330.48,335.84,28525571.0,GOOGL,0.0023279412642510976,327.7142857142857,316.2006666666666,0.012554935125902725
2026-01-15,337.65,337.69,330.74,332.78,28442406.0,GOOGL,-0.01442321930993634,330.34857142857146,316.7663333333333,0.01404003672927113
2026-01-16,334.41,334.65,327.7,330.0,40341637.0,GOOGL,-0.01318740468287439,331.4942857142857,317.112,0.012000688835496433
2026-01-20,320.87,327.73,320.43,322.0,34808916.0,GOOGL,0.003521675444884207,331.0028571428571,317.258,0.011348284877867222
2026-01-21,320.92,332.4799,319.3518,328.38,35386603.0,GOOGL,0.023245668702480304,330.9757142857143,317.49499999999995,0.014253285010450752
2026-01-22,334.45,335.15,328.75,330.54,26253640.0,GOOGL,-0.011690835700403553,330.78714285714284,318.0556666666667,0.013408597992150332
2026-01-23,332.485,333.6889,327.45,327.93,27279974.0,GOOGL,-0.01369986615937563,329.6385714285714,318.4173333333334,0.014040648193839024
2026-01-26,327.805,335.84,327.0,333.26,26042120.0,GOOGL,0.01664099083296467,329.27,318.8523333333334,0.015931301791810907
2026-01-27,335.365,337.91,333.48,334.55,19722250.0,GOOGL,-0.0024301880041149126,329.5228571428571,319.5896666666667,0.014905471202225845
2026-01-28,336.06,337.535,331.94,336.01,27434434.0,GOOGL,-0.0001487829554246604,330.38142857142856,320.4803333333333,0.013698695086778758
2026-01-29,340.3,342.29,326.54,338.25,39785612.0,GOOGL,-0.006024096385542202,332.70285714285717,321.48133333333334,0.014017265956430198
2026-01-30,340.0,340.0,332.285,338.0,31023954.0,GOOGL,-0.0058823529411764705,334.07714285714286,322.52900000000005,0.010008161971164544
2026-02-02,336.22,344.83,335.63,343.69,32006052.0,GOOGL,0.022217595621914134,335.9557142857143,324.0946666666667,0.013030579655535333
2026-02-03,347.34,349.0,337.4745,339.71,35930599.0,GOOGL,-0.02196694881096331,337.6385714285715,325.33633333333336,0.014883344206859744
2026-02-04,342.96,343.31,328.52,333.04,70618398.0,GOOGL,-0.02892465593655225,337.60714285714283,326.199,0.016449512086833585
2026-02-05,312.22,332.69,306.46,331.25,88205849.0,GOOGL,0.06095061174812623,337.13571428571424,326.9146666666667,0.030387169187421043
2026-02-06,327.18,330.38,319.92,322.86,56380484.0,GOOGL,-0.01320374105996697,335.25714285714287,327.1983333333333,0.030999126330558412
2026-02-09,320.93,327.7,317.26,324.32,39640055.0,GOOGL,0.010563051132645706,333.26714285714286,327.53933333333333,0.03100455766955446
2026-02-10,320.97,321.67,314.61,318.58,39170012.0,GOOGL,-0.007446178770601748,330.49285714285713,327.7083333333333,0.031088054997598754
2026-02-11,318.97,321.06,309.66,310.96,45406405.0,GOOGL,-0.025112079505909796,325.8171428571428,327.62166666666667,0.0314002401376946
2026-02-12,312.09,316.24,307.2,309.0,47761288.0,GOOGL,-0.009900990099009821,321.43,327.46,0.03054287399131213
2026-02-13,307.725,308.63,303.71,305.72,38499701.0,GOOGL,-0.006515557721992023,317.52714285714285,327.2173333333333,0.028328398338376477
2026-02-17,300.04,304.435,296.25,302.02,39247556.0,GOOGL,0.006599120117317562,313.3514285714286,326.7796666666666,0.012017439593623936
2026-02-18,302.09,305.38,301.25,303.33,28482075.0,GOOGL,0.004104736998907641,310.56142857142856,326.33933333333334,0.012171306025948013
2026-02-19,301.82,305.47,300.04,302.85,25834395.0,GOOGL,0.003412630044397421,307.4942857142857,325.95633333333336,0.010992432637364406
2026-02-20,304.32,316.5,303.9,314.98,53210820.0,GOOGL,0.035028916929547925,306.98,325.72299999999996,0.018537705060171602
2026-02-23,319.045,319.515,309.865,311.49,31422974.0,GOOGL,-0.023680045134698888,307.0557142857143,325.258,0.018205299910111213
2026-02-24,310.515,312.27,305.93,310.9,25615646.0,GOOGL,0.0012398756903852983,307.32714285714286,324.66900000000004,0.017538390148799758
2026-02-25,312.06,313.64,309.44,312.9,29963621.0,GOOGL,0.0026917900403767704,308.3528571428572,324.03700000000003,0.017054524675930494
2026-02-26,312.64,313.14,302.345,307.38,36431231.0,GOOGL,-0.01682446264073692,309.11857142857144,323.084,0.01872170134365452
2026-02-27,304.135,312.37,303.8,311.76,44640640.0,GOOGL,0.025071103292945568,310.3228571428572,322.28133333333335,0.02088118113410842
2026-03-02,303.225,308.49,301.3,306.52,34790203.0,GOOGL,0.010866518262016518,310.84714285714284,321.406,0.021044663169653206
2026-03-03,298.59,303.94,296.71,303.58,35496961.0,GOOGL,0.016711879165410795,309.2185714285714,320.5253333333333,0.017519492682173145
2026-03-04,302.89,305.47,300.75,303.13,29536190.0,GOOGL,0.0007923668658589227,308.0242857142857,319.8963333333333,0.013438205287323228
2026-03-05,303.035,303.3,297.99,300.88,35752321.0,GOOGL,-0.007111389773458608,306.5928571428571,318.97966666666673,0.014255621830190407
2026-03-06,296.09,300.53,295.18,298.52,25576916.0,GOOGL,0.008206964098753782,304.5385714285714,317.9123333333333,0.014284978120423966
2026-03-09,294.36,306.8,294.08,306.36,29312149.0,GOOGL,0.040766408479412965,304.39285714285717,317.1933333333333,0.015857890271398188
2026-03-10,306.17,309.51,305.5704,307.04,23239684.0,GOOGL,0.0028415586112290705,303.71857142857147,316.3193333333333,0.015400542748374756
2026-03-11,306.75,311.42,305.92,308.7,24125714.0,GOOGL,0.006356968215158887,304.03000000000003,315.4576666666666,0.015473833002972889
2026-03-12,306.82,308.94,301.03,303.55,24928347.0,GOOGL,-0.010657714620950335,304.0257142857143,314.3756666666667,0.01683296334911375
2026-03-13,307.01,307.69,300.44,302.28,23693092.0,GOOGL,-0.015406664278036606,303.9042857142857,313.1766666666666,0.01866371609607488
2026-03-16,304.35,306.4886,303.0201,305.56,23519709.0,GOOGL,0.003975685887957875,304.5728571428571,312.0953333333334,0.01806699753823164
2026-03-17,305.86,311.42,305.5,310.92,21955171.0,GOOGL,0.01654351664160074,306.3442857142857,311.003,0.018569500970096096
2026-03-18,309.27,312.47,306.932,307.69,20009815.0,GOOGL,-0.005108804604390934,306.5342857142858,309.93566666666663,0.010914279408309684
2026-03-19,304.005,308.06,302.35,307.13,25075831.0,GOOGL,0.01027943619348366,306.54714285714283,309.072,0.011601085969832977
2026-03-20,305.46,306.0,298.27,301.0,44364079.0,GOOGL,-0.014600929745302102,305.44714285714286,308.0636666666667,0.012605304536463607
2026-03-23,302.11,305.98,300.93,302.06,29326946.0,GOOGL,-0.00016550263149187834,305.2342857142857,307.37033333333335,0.012034458727960329
2026-03-24,299.2,299.92,290.33,290.44,36864278.0,GOOGL,-0.029278074866310132,303.54285714285714,306.241,0.015511034806380894
2026-03-25,293.44,296.0,289.24,290.93,29460669.0,GOOGL,-0.00855370774263901,301.45285714285717,305.3193333333333,0.01534481434305792
2026-03-26,287.91,287.95,278.5,280.92,39080578.0,GOOGL,-0.024278420339689515,297.1671428571429,304.31800000000004,0.01372502980315521
2026-03-27,277.275,279.37,273.95,274.34,35890612.0,GOOGL,-0.010585159138039861,292.40285714285716,303.16266666666667,0.013538362706325018
2026-03-30,276.42,277.09,272.11,273.5,35141244.0,GOOGL,-0.010563635048115244,287.59857142857146,302.08866666666665,0.009865357566299056
2026-03-31,278.04,288.08,277.09,287.56,43875400.0,GOOGL,0.0342396777442094,285.67857142857144,301.6066666666667,0.020697180937582736
2026-04-01,290.835,300.52,290.41,297.39,37684462.0,GOOGL,0.022538552787663133,285.01142857142855,301.40866666666665,0.023535842504167605
2026-04-02,290.69,298.08,289.45,295.77,21666465.0,GOOGL,0.017475661357459784,285.7728571428571,301.17266666666666,0.02165360206846452
2026-04-06,295.87,300.62,295.18,299.99,16945494.0,GOOGL,0.013925034643593485,287.06714285714287,300.673,0.021337071138390125
2026-04-07,302.725,305.63,297.72,305.46,23205361.0,GOOGL,0.009034602361879451,290.5728571428571,300.472,0.0166250720248234
2026-04-08,320.445,322.08,315.02,317.32,33547140.0,GOOGL,-0.009752063536644354,296.71285714285716,300.686,0.016447951412101917
2026-04-09,315.905,319.54,311.06,318.49,23739173.0,GOOGL,0.008182839777781411,303.14,300.87233333333336,0.013641233892620244
2026-04-10,320.015,321.83,316.32,317.24,19152630.0,GOOGL,-0.008671468524912823,307.38,301.201,0.012442645475556142
2026-04-13,317.135,321.63,315.47,321.31,18866424.0,GOOGL,0.01316474056789699,310.79714285714283,301.51933333333335,0.010976638872856135
2026-04-14,324.785,333.29,323.75,332.91,27721351.0,GOOGL,0.025016549409609432,316.1028571428572,302.399,0.012528671232986576
2026-04-15,332.89,337.48,330.9,337.12,24918842.0,GOOGL,0.012706900177235778,321.40714285714284,303.517,0.012428915197279844
2026-04-16,338.75,339.88,334.52,336.02,20541487.0,GOOGL,-0.008059040590405958,325.7728571428571,304.61333333333334,0.013608160531926513
2026-04-17,337.65,342.32,336.24,341.68,25581881.0,GOOGL,0.011935436102473064,329.2528571428571,305.9733333333333,0.0121745603999518
2025-11-21,478.5,478.92,468.27,472.12,31769248.0,MSFT,-0.013333333333333324,,,
2025-11-24,475.0,476.9,468.02,474.0,34421046.0,MSFT,-0.002105263157894737,,,
2025-11-25,474.07,479.15,464.89,476.99,28019793.0,MSFT,0.006159427932583829,,,
2025-11-26,486.31,488.31,481.2,485.5,25709079.0,MSFT,-0.0016656042442063752,,,
2025-11-28,487.595,492.63,486.65,492.01,14386730.0,MSFT,0.00905464576133874,,,
2025-12-01,488.435,489.8599,484.6475,486.74,23963993.0,MSFT,-0.0034702672822381547,,,
2025-12-02,486.715,493.4999,486.32,490.0,19562722.0,MSFT,0.006749329689859621,482.48,,0.007769919832242066
2025-12-03,476.32,484.24,475.2,477.73,34615102.0,MSFT,0.0029601948270071067,483.2814285714286,,0.00498035170616233
2025-12-04,479.76,481.322,476.49,480.84,22318155.0,MSFT,0.0022511255627813576,484.25857142857143,,0.0045595803698382995
2025-12-05,482.515,483.4,478.8801,483.16,22608710.0,MSFT,0.0013367460078962078,485.14,,0.004389986772104466
2025-12-08,484.885,492.3,484.38,491.02,20668450.0,MSFT,0.01265248460975281,485.92857142857144,,0.0053731879469746556
2025-12-09,489.1,492.12,488.5001,492.02,14092776.0,MSFT,0.005970149253731259,485.93,,0.005054939257326152
2025-12-10,484.03,484.25,475.08,478.56,35756229.0,MSFT,-0.011300952420304466,484.76142857142855,,0.007347052031846924
2025-12-11,476.63,486.03,475.86,483.47,24669180.0,MSFT,0.014350754253823787,483.82857142857137,,0.00847771558395784
2025-12-12,479.82,482.45,476.34,478.53,21248102.0,MSFT,-0.002688508190571507,483.9428571428571,,0.008857036036773567
2025-12-15,480.1,480.7205,472.52,474.82,23727694.0,MSFT,-0.010997708810664506,483.0828571428571,,0.010383733090049802
2025-12-16,471.905,477.89,470.88,476.39,20705560.0,MSFT,0.009504031531770195,482.11571428571426,,0.010833487805456862
2025-12-17,476.905,480.0,475.0,476.12,24527176.0,MSFT,-0.0016460301317871866,479.9871428571428,,0.009908386603653837
2025-12-18,478.19,489.6,477.89,483.98,28573545.0,MSFT,0.012108157845208014,478.8385714285714,,0.0107163581395826
2025-12-19,487.36,487.85,482.49,485.92,70836105.0,MSFT,-0.0029546946815495684,479.89,,0.009468026249176122
2025-12-22,486.12,488.73,482.69,484.92,16963019.0,MSFT,-0.002468526289804963,480.0971428571429,,0.007984779082596892
2025-12-23,484.98,487.83,484.74,486.85,14683582.0,MSFT,0.0038558291063549104,481.2857142857143,,0.007983934717303201
2025-12-24,485.68,489.1625,484.83,488.02,5855880.0,MSFT,0.00481798715203421,483.17142857142863,,0.005993680709272523
2025-12-26,486.705,488.12,485.96,487.71,8842175.0,MSFT,0.0020649058464572902,484.7885714285714,,0.0053373379739905845
2025-12-29,484.855,488.35,484.18,487.1,10893408.0,MSFT,0.004630250281011858,486.35714285714283,,0.0050946486745712056
2025-12-30,485.93,489.68,485.5,487.48,13944512.0,MSFT,0.003189759841952568,486.85714285714283,,0.0032693800297251695
2025-12-31,487.84,488.14,483.3,483.62,15601554.0,MSFT,-0.008650377172843495,486.5285714285714,,0.0049492995142185236
2026-01-02,484.385,484.66,470.16,472.94,25571567.0,MSFT,-0.023627899294982282,484.8171428571428,,0.010647184892724782
2026-01-05,474.055,476.07,469.5,472.85,25250260.0,MSFT,-0.002541899146723448,482.81714285714287,,0.010334759899634206
2026-01-06,473.8,478.7367,469.75,478.51,23037665.0,MSFT,0.009940903334740353,481.4585714285714,482.3306666666667,0.01112166360402138
2026-01-07,479.755,489.7,477.95,483.47,25564196.0,MSFT,0.007743535763045787,480.8528571428572,482.70899999999995,0.011673103382311102
2026-01-08,481.24,482.66,475.86,478.11,18162616.0,MSFT,-0.006504031252597447,479.56857142857143,482.84599999999995,0.011482490558834007
2026-01-09,474.06,479.82,472.2001,479.28,18491036.0,MSFT,0.01101126439691172,478.3971428571429,482.9223333333333,0.012510791640100672
2026-01-12,476.67,480.99,475.6803,477.18,23519895.0,MSFT,0.0010699225879539113,477.4771428571429,482.64500000000004,0.012158739289251996
2026-01-13,474.675,475.7799,465.95,470.67,28545800.0,MSFT,-0.008437351872333692,477.15285714285716,481.9336666666666,0.007953807377885924
2026-01-14,466.46,468.2,457.17,459.38,28184302.0,MSFT,-0.015178150323714754,475.22857142857146,481.02166666666665,0.010206421725814568
2026-01-15,464.12,464.25,455.9,456.66,23225839.0,MSFT,-0.01607342928552956,472.10714285714283,479.9103333333333,0.010686841070026156
2026-01-16,457.83,463.19,456.48,459.86,34246650.0,MSFT,0.0044339602035690755,468.7342857142857,479.3146666666667,0.010152591704738168
2026-01-20,451.215,456.8,449.28,454.52,25973898.0,MSFT,0.007324667841273023,465.36428571428576,478.4373333333333,0.010952463919337681
2026-01-21,452.595,452.69,438.68,444.11,37980510.0,MSFT,-0.01874744528772968,460.34000000000003,477.1356666666667,0.01071361348469371
2026-01-22,447.62,452.84,444.7,451.14,25349378.0,MSFT,0.007863813055716862,456.62,475.80633333333327,0.011770867525371105
2026-01-23,451.87,471.1,450.53,465.95,38000159.0,MSFT,0.031159404253435687,455.94571428571425,474.93733333333336,0.018010040386580613
2026-01-26,465.305,474.25,462.0,470.28,29291235.0,MSFT,0.010691911756804603,457.5028571428571,474.66133333333335,0.016974074816763274
2026-01-27,473.7,482.87,473.16,480.58,29088664.0,MSFT,0.01452396031243402,460.92,474.565,0.01480180299045453
2026-01-28,483.21,483.74,478.0,481.63,36875403.0,MSFT,-0.0032697998799693386,464.03000000000003,474.6683333333333,0.015400896336404754
2026-01-29,439.99,442.5,421.02,433.5,128855323.0,MSFT,-0.014750335234891722,461.02714285714285,473.291,0.017463911087290975
2026-01-30,439.17,439.6,426.45,430.29,58566819.0,MSFT,-0.020219960379807354,459.05285714285714,471.75433333333336,0.01778837285619013
2026-02-02,430.235,430.736,422.25,423.37,42219858.0,MSFT,-0.015956395923158295,455.0857142857143,469.996,0.019092799975164443
2026-02-03,422.01,422.05,408.56,411.21,60076532.0,MSFT,-0.025591810620601434,447.2657142857143,467.57033333333334,0.0155267001448122
2026-02-04,411.0,419.8,409.24,414.19,45012374.0,MSFT,0.007761557177615566,439.2528571428571,465.1793333333333,0.014974857469564024
2026-02-05,407.44,408.3,392.32,393.67,66289247.0,MSFT,-0.033796387198115015,426.83714285714285,462.13766666666663,0.013840188604282018
2026-02-06,399.165,401.79,392.92,401.14,53515311.0,MSFT,0.004947828592186103,415.3385714285714,459.28066666666666,0.015285661916350139
2026-02-09,404.85,414.89,400.87,413.6,45480526.0,MSFT,0.02161294306533284,412.49571428571426,456.80000000000007,0.020316785184906514
2026-02-10,419.62,423.68,412.7,413.27,44857850.0,MSFT,-0.015132739144940715,410.0642857142857,454.3186666666667,0.019925283401440102
2026-02-11,416.175,416.46,401.01,404.37,42491012.0,MSFT,-0.028365471256082193,407.34999999999997,451.561,0.021256380443578856
2026-02-12,405.0,406.2,398.01,401.84,40802362.0,MSFT,-0.007802469135802531,406.01142857142855,448.70633333333336,0.020084072729579808
2026-02-13,404.45,405.54,398.05,401.32,34091553.0,MSFT,-0.00773890468537519,404.17285714285714,445.96299999999997,0.018976647985181696
2026-02-17,399.22,400.52,394.525,396.86,32078794.0,MSFT,-0.005911527478583271,404.6285714285714,443.427,0.015654445260208302
2026-02-18,398.13,402.56,396.32,399.6,23223417.0,MSFT,0.003692261321678917,404.40857142857146,440.9853333333333,0.015521622638649491
2026-02-19,400.69,404.43,396.67,398.46,28234001.0,MSFT,-0.005565399685542485,402.2457142857143,438.317,0.009966575619312624
2026-02-20,396.11,400.1159,395.16,397.23,34015249.0,MSFT,0.0028274974123349687,399.95428571428573,435.44233333333335,0.010581569394740229
2026-02-23,395.0,395.36,383.1,384.47,43238273.0,MSFT,-0.026658227848101197,397.1114285714286,432.321,0.010010806747297448
2026-02-24,384.14,389.36,381.71,389.0,33884653.0,MSFT,0.012651637423855921,395.27714285714285,429.3116666666666,0.012357867296594898
2026-02-25,390.525,401.47,390.16,400.6,43625483.0,MSFT,0.025798604442737457,395.1742857142857,426.75899999999996,0.016417301904940326
2026-02-26,404.71,407.49,398.74,401.72,34405869.0,MSFT,-0.007388006226680716,395.8685714285715,424.46066666666667,0.01652964584095019
2026-02-27,390.88,396.82,389.88,392.74,51367196.0,MSFT,0.004758493655341828,394.8885714285714,422.2393333333333,0.016565983467561496
2026-03-02,392.855,401.19,390.63,398.55,35474907.0,MSFT,0.014496442707869298,394.90142857142865,420.3023333333333,0.016987454808587422
2026-03-03,393.14,406.7,392.67,403.93,38199209.0,MSFT,0.027445693646029456,395.8585714285714,418.438,0.019165220959237415
2026-03-04,401.265,411.0326,400.31,405.2,35807990.0,MSFT,0.009806486984910228,398.82000000000005,416.79400000000004,0.012020492595884325
2026-03-05,404.42,411.61,404.4,410.68,39001315.0,MSFT,0.01547895751941049,401.9171428571429,415.67966666666666,0.0120734326886292
2026-03-06,409.2,413.05,408.5101,408.96,31123859.0,MSFT,-0.000586510263929641,403.1114285714286,414.2736666666667,0.011484728504975865
2026-03-09,404.915,410.21,403.5,409.41,30131854.0,MSFT,0.011101095291604421,404.21,412.389,0.008879403711542829
2026-03-10,410.03,410.2,402.93,405.76,31706375.0,MSFT,-0.010413872155695881,406.07000000000005,410.23833333333334,0.012135483214247001
2026-03-11,405.57,409.01,401.59,404.88,25512139.0,MSFT,-0.001701309268437009,406.97428571428566,407.715,0.012586215125987817
2026-03-12,404.63,406.12,401.71,401.86,27263886.0,MSFT,-0.006845760324246798,406.67857142857144,405.056,0.009806829296708258
2026-03-13,401.0,404.8,394.25,395.55,26848000.0,MSFT,-0.013591022443890245,405.3,403.791,0.010800889235222239
2026-03-16,398.07,400.63,394.79,399.95,27733721.0,MSFT,0.0047227874494435535,403.76714285714286,402.7796666666666,0.00862147198161804
2026-03-17,400.27,404.4,397.745,399.41,26228279.0,MSFT,-0.0021485497289328625,402.40285714285716,401.981,0.008584627049806708
2026-03-18,397.125,398.0,391.0,391.79,25908484.0,MSFT,-0.013434057286748454,399.8857142857143,401.33366666666666,0.006844611700225244
2026-03-19,390.1,392.49,387.06,389.02,25138772.0,MSFT,-0.002768520892079059,397.4942857142857,400.49466666666666,0.006668159755411356
2026-03-20,386.79,387.0,380.12,381.87,50853154.0,MSFT,-0.012720080663926202,394.20714285714286,400.10133333333334,0.007020763885367648
2026-03-23,383.9,387.21,381.68,383.0,29680059.0,MSFT,-0.0023443605105495633,391.5128571428572,399.49666666666667,0.0072071122788622795
2026-03-24,382.36,382.47,371.85,372.74,42733625.0,MSFT,-0.025159535516267404,388.2542857142857,398.13466666666665,0.010008848478014294
2026-03-25,376.92,377.06,369.63,371.04,31181163.0,MSFT,-0.015600127347978339,384.12428571428575,396.72700000000003,0.00866431900686985
2026-03-26,370.815,374.7199,365.19,365.97,36836574.0,MSFT,-0.01306581448970503,379.34714285714284,395.447,0.007832904552575785
2026-03-27,361.9,362.45,356.51,356.77,37883400.0,MSFT,-0.014175186515612035,374.3442857142857,393.94466666666665,0.00785802640035432
2026-03-30,361.895,365.36,356.28,358.96,44797002.0,MSFT,-0.00811008717998315,370.05,392.53266666666667,0.006994381454964825
2026-03-31,364.55,372.9,363.07,370.17,45244365.0,MSFT,0.015416266630091905,368.37857142857143,391.643,0.012840359642408669
2026-04-01,373.49,373.99,368.2,369.37,29417206.0,MSFT,-0.011031085169616334,366.43142857142857,390.6353333333334,0.012504669066366566
2026-04-02,367.205,373.64,364.15,373.46,24099067.0,MSFT,0.017034081779932177,366.53428571428566,389.80199999999996,0.014175707393769454
2026-04-06,373.49,373.73,369.5014,372.88,16146572.0,MSFT,-0.0016332431925888608,366.79714285714283,388.99033333333335,0.013260142564820467
2026-04-07,370.34,372.45,366.56,372.29,21443349.0,MSFT,0.005265431765404886,367.7,388.58433333333335,0.0125533171899251
2026-04-08,384.98,385.0,371.41,374.33,33064818.0,MSFT,-0.0276637747415451,370.2085714285714,388.0953333333333,0.01578254290876488
2026-04-09,372.5,373.5,367.05,373.07,30435297.0,MSFT,0.001530201342281861,372.2242857142857,387.17766666666665,0.015531457213993653
2026-04-10,372.98,375.64,370.03,370.87,28111128.0,MSFT,-0.005657139793018429,372.32428571428574,386.14933333333335,0.013974633564104024
2026-04-13,373.605,384.54,371.02,384.37,35745781.0,MSFT,0.02881385420430665,374.46714285714285,385.87033333333335,0.01782188443491884
2026-04-14,387.915,394.69,386.52,393.11,37504486.0,MSFT,0.013392109096064841,377.2742857142857,385.689,0.01737535677654532
2026-04-15,398.0,414.3699,396.73,411.22,45063389.0,MSFT,0.03321608040201012,382.75142857142856,385.932,0.020811425285169036
2026-04-16,419.86,420.82,412.14,420.26,41642361.0,MSFT,0.0009526985185537495,389.6042857142857,386.43399999999997,0.02093429943380941
2026-04-17,424.82,431.58,420.69,422.79,48568190.0,MSFT,-0.004778494421166547,396.52714285714285,386.8376666666667,0.015920008726077503
2025-11-21,402.32,402.8,383.76,391.09,100460633.0,TSLA,-0.027913103996818497,,,
2025-11-24,402.17,421.72,401.09,417.78,96806374.0,TSLA,0.03881443170798408,,,
2025-11-25,414.42,420.48,405.95,419.4,71915624.0,TSLA,0.012016794556247191,,,
2025-11-26,423.95,426.94,416.89,426.58,63462996.0,TSLA,0.006203561740771307,,,
2025-11-28,426.59,432.93,426.2,430.17,36252861.0,TSLA,0.008392132961391597,,,
2025-12-01,425.32,433.6599,425.29,430.14,57463552.0,TSLA,0.011332643656540941,,,
2025-12-02,430.81,436.8,422.12,429.24,69336626.0,TSLA,-0.0036442979503725384,420.62857142857143,,0.01995342844995562
2025-12-03,432.1,447.92,431.11,446.74,87482964.0,TSLA,0.033881046054154096,428.57857142857137,,0.015351719938132226
2025-12-04,449.94,454.63,445.39,454.53,71906488.0,TSLA,0.010201360181357458,433.8285714285715,,0.011323379452755501
2025-12-05,453.03,458.87,451.66,455.0,56427522.0,TSLA,0.0043484978919718946,438.9142857142857,,0.011598508146678413
2025-12-08,447.445,449.7463,435.25,439.58,68386756.0,TSLA,-0.01757757936729656,440.7714285714286,,0.015691442720327246
2025-12-09,437.54,452.39,435.7,445.17,62014951.0,TSLA,0.01743840563148511,442.9142857142857,,0.01621727575814725
2025-12-10,446.065,456.88,443.61,451.45,63257475.0,TSLA,0.012072231625435734,445.9585714285714,,0.016245013714063113
2025-12-11,448.945,449.2699,440.33,446.89,55979492.0,TSLA,-0.0045773981222644354,448.47999999999996,,0.016360886143427518
2025-12-12,448.09,463.01,441.67,458.96,95656749.0,TSLA,0.02425851949385169,450.2257142857143,,0.014063949844043164
2025-12-15,469.44,481.7694,467.66,475.31,114542204.0,TSLA,0.012504260395364699,453.1942857142857,,0.014188755219194427
2025-12-16,472.21,491.5,465.83,489.88,107608075.0,TSLA,0.037419792041676406,458.1771428571428,,0.018143182610954676
2025-12-17,488.22,495.2799,466.2,467.26,106490405.0,TSLA,-0.04293146532301019,462.13142857142856,,0.025845756587889453
2025-12-18,478.16,490.86,473.12,483.37,95168446.0,TSLA,0.010895934415258447,467.5885714285714,,0.025565443744550657
2025-12-19,488.12,490.49,474.72,481.2,103305424.0,TSLA,-0.014176841760222929,471.8385714285714,,0.02661661734990654
2025-12-22,489.88,498.83,485.33,488.73,86916066.0,TSLA,-0.0023475136768187663,477.8157142857143,,0.02651920699326585
2025-12-23,489.395,491.97,482.84,485.56,58223633.0,TSLA,-0.00783620592772705,481.61571428571426,,0.025100947366555038
2025-12-24,488.48,490.9,476.8,485.4,41285429.0,TSLA,-0.006305273501474044,483.0571428571429,,0.024421373550467706
2025-12-26,485.23,489.09,473.82,475.19,58780659.0,TSLA,-0.020691218597366237,480.9585714285714,,0.01685299259302422
2025-12-29,469.0,469.4,459.0,459.64,66263033.0,TSLA,-0.01995735607675909,479.86999999999995,,0.01104019659024126
2025-12-30,461.09,463.12,453.83,454.43,59238464.0,TSLA,-0.014444034787134765,475.7357142857142,,0.006976921400438814
2025-12-31,456.1,456.55,449.3,449.72,49077961.0,TSLA,-0.013988160491120357,471.23857142857145,,0.006968601551638719
2026-01-02,457.8,458.34,435.3,438.07,85535406.0,TSLA,-0.043097422455220656,464.0014285714286,,0.012313603577084577
2026-01-05,447.99,457.5499,444.57,451.67,67940839.0,TSLA,0.008214469072970394,459.15999999999997,,0.01559009947556049
2026-01-06,446.38,448.25,428.78,432.96,89093758.0,TSLA,-0.03006407097092167,451.6685714285714,452.03700000000003,0.015775656134851747
2026-01-07,435.9,438.37,431.29,431.41,59828790.0,TSLA,-0.010300527643954926,445.4142857142857,453.38100000000003,0.016091799473479412
2026-01-08,427.89,436.89,424.365,435.8,57041094.0,TSLA,0.01848605950127375,442.00857142857143,453.9816666666666,0.020992044786459652
2026-01-09,435.945,449.05,430.39,445.01,67331456.0,TSLA,0.020793907488329946,440.6628571428572,454.8353333333333,0.024317665890615025
2026-01-12,441.225,454.3,438.0,448.96,61649627.0,TSLA,0.017530738285455167,440.55428571428575,455.5813333333333,0.025715438651233616
2026-01-13,450.2,451.81,443.95,447.2,53719214.0,TSLA,-0.006663705019991115,441.8585714285714,456.149,0.01896052850430007
2026-01-14,442.81,443.91,434.22,439.2,57259500.0,TSLA,-0.008152480747950618,440.07714285714286,456.451,0.01915674550072158
2026-01-15,441.125,445.36,437.65,438.57,49465813.0,TSLA,-0.005792009067724584,440.87857142857143,456.762,0.014353392408688308
2026-01-16,439.5,447.25,435.2601,437.5,60220551.0,TSLA,-0.004550625711035267,441.7485714285714,456.454,0.01356128669884868
2026-01-20,429.36,430.725,417.44,419.25,62208186.0,TSLA,-0.023546674119619932,439.38428571428574,455.278,0.015512834101076338
2026-01-21,421.66,438.2,419.6201,431.44,68123987.0,TSLA,0.023194042593558725,437.44571428571425,454.49266666666665,0.01610259244963562
2026-01-22,435.16,449.5,432.63,449.36,71546729.0,TSLA,0.03263167570548761,437.5028571428571,454.8186666666667,0.01964313574565912
2026-01-23,447.425,452.43,444.04,449.06,56771364.0,TSLA,0.0036542437279990857,437.7685714285714,454.9483333333333,0.019355732691936925
2026-01-26,445.0,445.04,434.28,435.2,49397415.0,TSLA,-0.022022471910112387,437.19714285714286,454.4066666666667,0.02124466685083523
2026-01-27,437.41,437.52,430.69,430.9,37321502.0,TSLA,-0.014883061658398408,436.1014285714286,453.8736666666666,0.021959943739275494
2026-01-28,431.91,438.26,430.1,431.46,54857403.0,TSLA,-0.0010418837257763086,435.23857142857145,452.95700000000005,0.02189973369141668
2026-01-29,437.8,440.2299,414.62,416.56,81686127.0,TSLA,-0.04851530379168572,434.8542857142857,450.9986666666666,0.027608719900902037
2026-01-30,425.35,439.88,422.7,430.41,82626066.0,TSLA,0.011896085576583995,434.70714285714286,449.0163333333333,0.026050165960734003
2026-02-02,421.29,427.15,414.5,421.81,58739455.0,TSLA,0.0012343041610291766,430.77142857142854,447.5013333333333,0.020510697683325727
2026-02-03,424.27,428.56,413.6901,421.96,56269638.0,TSLA,-0.005444646098003636,426.9,445.45433333333335,0.019779850650281722
2026-02-04,420.46,423.9,399.18,406.01,74606873.0,TSLA,-0.03436712172382626,422.73,442.94800000000004,0.021385138575930496
2026-02-05,397.015,402.1,387.5309,397.21,72819838.0,TSLA,0.000491165321209509,417.9171428571429,439.89733333333334,0.021943784627610343
2026-02-06,400.87,414.55,397.751,411.11,62677144.0,TSLA,0.025544440841170475,415.00999999999993,437.41566666666665,0.02586831788857932
2026-02-09,409.905,421.25,407.29,417.32,54484258.0,TSLA,0.01808955733645606,415.11857142857144,435.1463333333333,0.019537596205337238
2026-02-10,418.08,427.25,417.0,425.21,64450233.0,TSLA,0.017054152315346335,414.3757142857143,433.4803333333333,0.020042142916717395
2026-02-11,427.955,436.35,420.03,428.27,57361989.0,TSLA,0.0007360586977602732,415.2985714285714,432.43466666666666,0.02005128954095429
2026-02-12,430.3,436.23,414.0,417.07,61933359.0,TSLA,-0.030745991168951936,414.6,431.1893333333333,0.02379191710758587
2026-02-13,414.305,424.06,410.88,417.44,51434147.0,TSLA,0.007566889127575073,416.23285714285714,430.11333333333334,0.01852743232520836
2026-02-17,412.36,413.72,400.51,410.63,59678789.0,TSLA,-0.004195363274808464,418.15,429.1986666666667,0.018822348668141028
2026-02-18,411.11,416.9,409.58,411.32,45921402.0,TSLA,0.0005108121913842512,418.17999999999995,427.8536666666667,0.01646936985002964
2026-02-19,407.25,415.2499,404.11,411.71,51019638.0,TSLA,0.010951503990177974,417.37857142857143,427.14533333333327,0.015444811672570532
2026-02-20,408.3,414.7,405.5,411.82,57912225.0,TSLA,0.00862111192750424,415.4657142857142,426.4923333333333,0.014195646809355979
2026-02-23,407.285,407.7,394.04,399.83,69680026.0,TSLA,-0.01830413592447559,411.4028571428571,425.2933333333333,0.015578557021385017
2026-02-24,399.5,410.82,397.64,409.38,58579482.0,TSLA,0.024730913642052554,410.30428571428564,424.10566666666665,0.013468968080298887
2026-02-25,412.15,420.34,412.15,417.4,54809704.0,TSLA,0.012738080795826763,410.2985714285714,423.0536666666667,0.01381731741262169
2026-02-26,414.42,416.81,403.66,408.58,53602497.0,TSLA,-0.014091983977607334,410.0057142857143,421.7663333333333,0.015338494515890129
2026-02-27,402.94,407.12,398.11,402.51,56890097.0,TSLA,-0.0010671564004566605,408.7471428571429,420.5433333333333,0.015402815427899062
2026-03-02,390.6,404.54,388.25,403.32,55088338.0,TSLA,0.032565284178187326,407.5485714285714,419.3683333333333,0.0189371825450713
2026-03-03,395.09,396.34,385.39,392.43,62617298.0,TSLA,-0.006732643195221262,404.77857142857147,417.866,0.019524674855349856
2026-03-04,397.845,408.33,394.58,405.94,68305513.0,TSLA,0.020347120109590344,405.6514285714285,417.4223333333333,0.017432311685583166
2026-03-05,401.57,408.62,399.42,405.55,51925898.0,TSLA,0.009911098936673602,405.1042857142857,416.5593333333333,0.016168644744846705
2026-03-06,398.09,402.35,394.21,396.73,64054561.0,TSLA,-0.003416312894069072,402.15142857142854,414.805,0.016474209452126385
2026-03-09,390.05,401.59,381.4,398.68,67018911.0,TSLA,0.02212536854249454,400.7371428571428,413.1256666666667,0.014965280163463292
2026-03-10,402.22,406.59,398.19,399.235,59258743.0,TSLA,-0.007421311719954287,400.2692857142857,411.9268333333333,0.01594671668621138
2026-03-11,402.28,416.3799,402.15,407.82,62559930.0,TSLA,0.013771502436114202,400.9121428571429,411.1575,0.012690447861350429
2026-03-12,405.175,406.5,394.65,395.01,60973793.0,TSLA,-0.025087924970691726,401.2807142857142,409.9425,0.017112500241606182
2026-03-13,399.165,400.2,389.95,391.2,58504091.0,TSLA,-0.019954154297095263,399.175,409.0971666666666,0.01759376786213066
2026-03-16,396.22,403.73,394.42,395.56,58068343.0,TSLA,-0.001665741254858475,397.7478571428572,407.9355,0.016878628910138936
2026-03-17,395.69,400.12,393.0,399.27,46890467.0,TSLA,0.009047486668856894,398.1107142857143,407.18416666666667,0.01748530145345472
2026-03-18,399.0,403.065,392.31,392.78,50853149.0,TSLA,-0.015588972431077763,397.26785714285717,406.2115,0.014638602060509652
2026-03-19,387.27,387.27,378.73,380.3,67078259.0,TSLA,-0.017997779327084386,394.5628571428571,405.3545,0.015258188966964015
2026-03-20,379.85,379.89,364.4601,367.96,78628603.0,TSLA,-0.03130182966960653,388.86857142857144,404.3795,0.013884157079859627
2026-03-23,373.09,385.33,372.73,380.85,74606049.0,TSLA,0.020799270953389393,386.8457142857143,403.37083333333334,0.018273388003457413
2026-03-24,376.56,387.48,376.31,383.03,60004909.0,TSLA,0.017181856809007783,385.67857142857144,402.2278333333333,0.019599036935112658
2026-03-25,389.99,396.23,385.01,385.95,55157265.0,TSLA,-0.010359239980512374,384.30571428571426,400.9191666666667,0.019790472817656984
2026-03-26,381.6,384.44,371.87,372.11,55522879.0,TSLA,-0.02486897274633126,380.42571428571426,399.04716666666667,0.020202299692290836
2026-03-27,369.69,369.86,359.47,361.83,62065659.0,TSLA,-0.021261056560902415,376.00428571428574,397.2058333333334,0.02062571649523041
2026-03-30,365.86,367.29,352.14,355.28,67954405.0,TSLA,-0.02891816541846619,372.42999999999995,395.1338333333333,0.02174188450074072
2026-03-31,361.51,373.33,361.0,371.75,75534934.0,TSLA,0.02832563414566681,372.97142857142853,393.83783333333326,0.024125092452787305
2026-04-01,378.63,383.14,374.08,381.26,58683752.0,TSLA,0.0069460951324511935,373.03000000000003,392.8358333333333,0.02237834472273448
2026-04-02,364.195,370.28,359.03,360.59,83031226.0,TSLA,-0.009898543362759011,369.8242857142856,391.1318333333333,0.020198062694855065
2026-04-06,362.59,367.72,346.64,352.82,77697643.0,TSLA,-0.026945034336302662,365.09142857142854,389.16516666666666,0.021380298068674704
2026-04-07,346.44,348.02,337.24,346.65,74515355.0,TSLA,0.0006061655697955766,361.4542857142857,387.3925,0.02077490545023372
2026-04-08,363.79,364.5,339.67,343.25,78838616.0,TSLA,-0.05646114516616735,358.8,385.18816666666663,0.02779097291002434
2026-04-09,343.15,348.88,337.25,345.62,62164016.0,TSLA,0.0071980183593181625,357.42,382.7955,0.027550640029591175
2026-04-10,346.285,350.36,342.74,348.95,51336034.0,TSLA,0.007695972970241169,354.1628571428572,380.80783333333335,0.02399394852076773
2026-04-13,350.065,356.35,348.57,352.42,53617477.0,TSLA,0.006727322068758711,350.0428571428571,379.1381666666667,0.023968138780452754
2026-04-14,357.67,367.63,354.77,364.2,59979607.0,TSLA,0.018257052590376528,350.5585714285715,377.83416666666665,0.0262700666226367
2026-04-15,366.83,394.65,362.5,391.95,113810355.0,TSLA,0.06847858681132951,356.1485714285714,377.8181666666667,0.03645403933494696
2026-04-16,393.81,394.06,381.8,388.9,63515136.0,TSLA,-0.01246794139305763,362.1842857142857,377.25016666666664,0.03719355703170715
2026-04-17,395.92,409.28,391.65,400.62,90640032.0,TSLA,0.011871085067690414,370.38,377.08583333333337,0.025220408983653745
